{"cameraMode":{"drawMode":0,"name":"Shaded","section":"Shading Mode"},"sceneLighting":false,"audioPlay":false,"sceneViewState":{"showFog":true,"showMaterialUpdate":false,"showSkybox":true,"showFlares":true,"showImageEffects":true,"showParticleSystems":true},"in2DMode":false,"pivot":{"x":-0.3501098155975342,"y":92.74710845947266,"z":0.09781299531459809},"rotation":{"x":0.1770990490913391,"y":-0.6723337769508362,"z":0.17052750289440156,"w":0.6982377767562866},"size":3.2009027004241945,"orthographic":false}