{"cameraMode":{"drawMode":0,"name":"Shaded","section":"Shading Mode"},"sceneLighting":false,"audioPlay":false,"sceneViewState":{"showFog":true,"showMaterialUpdate":false,"showSkybox":true,"showFlares":true,"showImageEffects":true,"showParticleSystems":true},"in2DMode":false,"pivot":{"x":0.01697532832622528,"y":3.3057000637054445,"z":-0.002369910478591919},"rotation":{"x":-0.10118348151445389,"y":-0.02893957681953907,"z":0.0029286977369338276,"w":-0.9944561719894409},"size":0.4678557813167572,"orthographic":false}