{"cameraMode":{"drawMode":0,"name":"Shaded","section":"Shading Mode"},"sceneLighting":false,"audioPlay":false,"sceneViewState":{"showFog":true,"showMaterialUpdate":false,"showSkybox":true,"showFlares":true,"showImageEffects":true,"showParticleSystems":true},"in2DMode":false,"pivot":{"x":0.21564620733261109,"y":-0.37667107582092287,"z":1.0373517274856568},"rotation":{"x":-0.2218104600906372,"y":-0.07800404727458954,"z":0.017788108438253404,"w":-0.9718157649040222},"size":2.8304800987243654,"orthographic":false}