{"cameraMode":{"drawMode":0,"name":"Shaded","section":"Shading Mode"},"sceneLighting":false,"audioPlay":false,"sceneViewState":{"showFog":true,"showMaterialUpdate":false,"showSkybox":true,"showFlares":true,"showImageEffects":true,"showParticleSystems":true},"in2DMode":false,"pivot":{"x":1.4775357246398926,"y":0.006128765642642975,"z":-1.82358980178833},"rotation":{"x":0.1770990490913391,"y":-0.6723337769508362,"z":0.17052750289440156,"w":0.6982377767562866},"size":2.293987989425659,"orthographic":false}