{"cameraMode":{"drawMode":0,"name":"Shaded","section":"Shading Mode"},"sceneLighting":true,"audioPlay":false,"sceneViewState":{"showFog":true,"showMaterialUpdate":false,"showSkybox":true,"showFlares":true,"showImageEffects":true,"showParticleSystems":true},"in2DMode":false,"pivot":{"x":-6.700377464294434,"y":-4.260231971740723,"z":2.0193097591400148},"rotation":{"x":-0.21363292634487153,"y":0.6120473146438599,"z":-0.17653332650661469,"w":-0.7406719923019409},"size":10.0,"orthographic":false}